{"cameraMode":{"drawMode":0,"name":"Shaded","section":"Shading Mode"},"sceneLighting":true,"audioPlay":false,"sceneViewState":{"m_AlwaysRefresh":false,"showFog":true,"showSkybox":true,"showFlares":true,"showImageEffects":true,"showParticleSystems":true,"showVisualEffectGraphs":true,"m_FxEnabled":true},"in2DMode":false,"pivot":{"x":7.317143440246582,"y":-43.94879913330078,"z":15.736310958862305},"rotation":{"x":0.6471005082130432,"y":-0.005722402594983578,"z":0.004857170395553112,"w":0.762362003326416},"size":80.49812316894531,"orthographic":false}